firm_id,year,treat,post,did,digital_index,size,age,rd_ratio,industry,province
1,2018,0,0,0,1.8738,4.3024,17,0.213,5,1
1,2019,0,0,0,1.8123,4.3024,20,0.1038,5,1
1,2020,0,1,0,1.8826,4.3024,5,0.0883,5,1
1,2021,0,1,0,2.0371,4.3024,5,0.081,5,1
1,2022,0,1,0,1.8367,4.3024,10,0.3639,5,1
2,2018,0,0,0,2.1945,65.959,17,0.029,2,5
2,2019,0,0,0,2.4221,65.959,8,0.0519,2,5
2,2020,0,1,0,2.6719,65.959,19,0.1913,2,5
2,2021,0,1,0,2.5,65.959,6,0.0373,2,5
2,2022,0,1,0,2.6128,65.959,17,0.2752,2,5
3,2018,0,0,0,1.5923,29.051,5,0.1202,4,7
3,2019,0,0,0,1.7182,29.051,13,0.4514,4,7
3,2020,0,1,0,1.8089,29.051,13,0.1476,4,7
3,2021,0,1,0,1.8064,29.051,5,0.1882,4,7
3,2022,0,1,0,2.0834,29.051,14,0.1067,4,7
4,2018,1,0,0,2.279,14.1001,16,0.427,4,7
4,2019,1,0,0,2.4524,14.1001,3,0.4959,4,7
4,2020,1,1,1,2.5223,14.1001,8,0.1989,4,7
4,2021,1,1,1,2.5825,14.1001,16,0.3669,4,7
4,2022,1,1,1,2.5398,14.1001,20,0.1262,4,7
5,2018,1,0,0,2.5788,8.0951,10,0.5479,3,4
5,2019,1,0,0,2.7648,8.0951,6,0.2467,3,4
5,2020,1,1,1,2.9551,8.0951,11,0.155,3,4
5,2021,1,1,1,3.1383,8.0951,9,0.1611,3,4
5,2022,1,1,1,2.9969,8.0951,9,0.1021,3,4
6,2018,0,0,0,2.6058,6.792,18,0.0543,2,8
6,2019,0,0,0,2.7903,6.792,11,0.2794,2,8
6,2020,0,1,0,2.9997,6.792,6,0.0073,2,8
6,2021,0,1,0,2.766,6.792,12,0.2226,2,8
6,2022,0,1,0,2.7857,6.792,17,0.3037,2,8
7,2018,0,0,0,2.395,24.5364,6,0.2798,2,3
7,2019,0,0,0,2.6358,24.5364,12,0.194,2,3
7,2020,0,1,0,2.6481,24.5364,4,0.0978,2,3
7,2021,0,1,0,2.9415,24.5364,8,0.3338,2,3
7,2022,0,1,0,2.6483,24.5364,14,0.207,2,3
8,2018,0,0,0,2.1728,14.2445,17,0.1098,3,4
8,2019,0,0,0,2.0033,14.2445,17,0.0326,3,4
8,2020,0,1,0,2.1183,14.2445,19,0.0983,3,4
8,2021,0,1,0,2.0721,14.2445,4,0.2041,3,4
8,2022,0,1,0,2.3612,14.2445,11,0.0954,3,4
9,2018,1,0,0,4.0284,94.3157,15,0.2202,3,7
9,2019,1,0,0,3.9582,94.3157,15,0.1105,3,7
9,2020,1,1,1,4.144,94.3157,10,0.1548,3,7
9,2021,1,1,1,4.1989,94.3157,6,0.1382,3,7
9,2022,1,1,1,4.1349,94.3157,7,0.2044,3,7
10,2018,0,0,0,1.8045,16.6971,11,0.439,3,4
10,2019,0,0,0,1.7986,16.6971,5,0.1547,3,4
10,2020,0,1,0,1.8105,16.6971,9,0.3384,3,4
10,2021,0,1,0,1.8583,16.6971,5,0.1148,3,4
10,2022,0,1,0,1.9173,16.6971,5,0.2563,3,4
11,2018,0,0,0,1.2013,21.3003,6,0.1205,1,3
11,2019,0,0,0,1.053,21.3003,12,0.0334,1,3
11,2020,0,1,0,1.1743,21.3003,19,0.3099,1,3
11,2021,0,1,0,1.2436,21.3003,6,0.0398,1,3
11,2022,0,1,0,1.2801,21.3003,12,0.0438,1,3
12,2018,0,0,0,1.0897,5.0103,4,0.1354,5,5
12,2019,0,0,0,0.9681,5.0103,3,0.2308,5,5
12,2020,0,1,0,1.435,5.0103,16,0.09,5,5
12,2021,0,1,0,1.2574,5.0103,6,0.0211,5,5
12,2022,0,1,0,1.3283,5.0103,19,0.3216,5,5
13,2018,1,0,0,3.3441,14.0034,13,0.057,4,5
13,2019,1,0,0,3.2455,14.0034,11,0.4732,4,5
13,2020,1,1,1,3.7059,14.0034,6,0.1152,4,5
13,2021,1,1,1,3.576,14.0034,12,0.1087,4,5
13,2022,1,1,1,3.5117,14.0034,3,0.0982,4,5
14,2018,0,0,0,1.9576,23.9745,10,0.0318,5,8
14,2019,0,0,0,1.9988,23.9745,14,0.045,5,8
14,2020,0,1,0,2.0195,23.9745,6,0.1207,5,8
14,2021,0,1,0,2.2629,23.9745,12,0.1541,5,8
14,2022,0,1,0,2.1224,23.9745,19,0.318,5,8
15,2018,0,0,0,2.1686,13.8352,19,0.2258,5,5
15,2019,0,0,0,2.2089,13.8352,12,0.1803,5,5
15,2020,0,1,0,2.3543,13.8352,4,0.146,5,5
15,2021,0,1,0,2.5351,13.8352,12,0.1569,5,5
15,2022,0,1,0,2.1802,13.8352,17,0.1642,5,5
16,2018,1,0,0,1.8843,12.3588,15,0.4698,4,2
16,2019,1,0,0,2.0583,12.3588,9,0.2318,4,2
16,2020,1,1,1,2.5861,12.3588,9,0.2363,4,2
16,2021,1,1,1,2.2521,12.3588,12,0.1489,4,2
16,2022,1,1,1,2.2461,12.3588,6,0.2386,4,2
17,2018,0,0,0,1.592,27.8521,9,0.2751,2,1
17,2019,0,0,0,1.9794,27.8521,3,0.2279,2,1
17,2020,0,1,0,1.7654,27.8521,3,0.3043,2,1
17,2021,0,1,0,1.8627,27.8521,16,0.1872,2,1
17,2022,0,1,0,1.7133,27.8521,5,0.094,2,1
18,2018,0,0,0,1.2772,91.3614,7,0.0622,4,8
18,2019,0,0,0,1.4819,91.3614,5,0.3286,4,8
18,2020,0,1,0,1.7227,91.3614,14,0.1439,4,8
18,2021,0,1,0,1.5277,91.3614,8,0.2318,4,8
18,2022,0,1,0,1.6946,91.3614,17,0.147,4,8
19,2018,0,0,0,2.3166,23.219,18,0.13,3,4
19,2019,0,0,0,2.3642,23.219,10,0.1072,3,4
19,2020,0,1,0,2.5927,23.219,5,0.3802,3,4
19,2021,0,1,0,2.4675,23.219,7,0.1733,3,4
19,2022,0,1,0,2.4265,23.219,15,0.3576,3,4
20,2018,1,0,0,2.0895,63.0663,14,0.1912,5,2
20,2019,1,0,0,2.4113,63.0663,9,0.495,5,2
20,2020,1,1,1,2.6025,63.0663,20,0.4861,5,2
20,2021,1,1,1,2.6332,63.0663,12,0.727,5,2
20,2022,1,1,1,2.8341,63.0663,12,0.104,5,2
21,2018,1,0,0,2.7303,37.3974,17,0.2043,2,2
21,2019,1,0,0,2.5637,37.3974,19,0.2364,2,2
21,2020,1,1,1,2.9106,37.3974,3,0.3551,2,2
21,2021,1,1,1,2.9309,37.3974,3,0.4781,2,2
21,2022,1,1,1,2.953,37.3974,18,0.1767,2,2
22,2018,1,0,0,2.6455,59.4035,6,0.2537,1,1
22,2019,1,0,0,2.4948,59.4035,19,0.1278,1,1
22,2020,1,1,1,2.93,59.4035,3,0.3673,1,1
22,2021,1,1,1,2.8203,59.4035,14,0.1948,1,1
22,2022,1,1,1,2.9529,59.4035,17,0.2714,1,1
23,2018,1,0,0,2.0299,10.9166,10,0.0287,1,2
23,2019,1,0,0,1.8943,10.9166,19,0.1185,1,2
23,2020,1,1,1,2.2802,10.9166,9,0.3686,1,2
23,2021,1,1,1,2.4119,10.9166,10,0.2774,1,2
23,2022,1,1,1,2.3527,10.9166,13,0.387,1,2
24,2018,0,0,0,1.1555,16.3311,5,0.3038,1,7
24,2019,0,0,0,1.147,16.3311,19,0.0776,1,7
24,2020,0,1,0,1.3645,16.3311,13,0.1146,1,7
24,2021,0,1,0,1.3209,16.3311,16,0.207,1,7
24,2022,0,1,0,1.3963,16.3311,11,0.2215,1,7
25,2018,1,0,0,1.2478,16.3991,13,0.4733,4,6
25,2019,1,0,0,1.3658,16.3991,7,0.1411,4,6
25,2020,1,1,1,1.5982,16.3991,11,0.3489,4,6
25,2021,1,1,1,1.7266,16.3991,8,0.1604,4,6
25,2022,1,1,1,1.7143,16.3991,18,0.5127,4,6
26,2018,1,0,0,4.1218,34.684,8,0.4405,1,5
26,2019,1,0,0,4.1731,34.684,14,0.3842,1,5
26,2020,1,1,1,4.518,34.684,12,0.3139,1,5
26,2021,1,1,1,4.3314,34.684,17,0.0187,1,5
26,2022,1,1,1,4.5852,34.684,12,0.2256,1,5
27,2018,1,0,0,3.3314,44.3633,6,0.827,1,1
27,2019,1,0,0,3.2074,44.3633,6,0.0303,1,1
27,2020,1,1,1,3.3734,44.3633,17,0.1274,1,1
27,2021,1,1,1,3.4545,44.3633,13,0.502,1,1
27,2022,1,1,1,3.7677,44.3633,7,0.3808,1,1
28,2018,1,0,0,3.1524,22.7612,4,0.1938,2,6
28,2019,1,0,0,3.1927,22.7612,9,0.2465,2,6
28,2020,1,1,1,3.3887,22.7612,10,0.381,2,6
28,2021,1,1,1,3.4229,22.7612,12,0.4801,2,6
28,2022,1,1,1,3.5978,22.7612,13,0.1278,2,6
29,2018,1,0,0,1.8763,48.265,6,0.2395,4,8
29,2019,1,0,0,1.5755,48.265,11,0.3512,4,8
29,2020,1,1,1,2.2311,48.265,12,0.5661,4,8
29,2021,1,1,1,2.2828,48.265,5,0.3535,4,8
29,2022,1,1,1,2.2587,48.265,4,0.4253,4,8
30,2018,0,0,0,1.88,11.4349,5,0.2043,3,8
30,2019,0,0,0,2.0297,11.4349,15,0.0953,3,8
30,2020,0,1,0,2.0107,11.4349,16,0.2555,3,8
30,2021,0,1,0,2.2633,11.4349,19,0.1223,3,8
30,2022,0,1,0,2.3364,11.4349,4,0.144,3,8
31,2018,1,0,0,1.8591,48.6853,10,0.4023,2,4
31,2019,1,0,0,1.7962,48.6853,6,0.0569,2,4
31,2020,1,1,1,2.1469,48.6853,6,0.2887,2,4
31,2021,1,1,1,2.2581,48.6853,13,0.2065,2,4
31,2022,1,1,1,2.4076,48.6853,7,0.1491,2,4
32,2018,1,0,0,1.2676,55.4682,18,0.1282,2,5
32,2019,1,0,0,1.4896,55.4682,16,0.1419,2,5
32,2020,1,1,1,1.9422,55.4682,15,0.2274,2,5
32,2021,1,1,1,2.0819,55.4682,7,0.2139,2,5
32,2022,1,1,1,1.7937,55.4682,5,0.1661,2,5
33,2018,0,0,0,1.5507,39.5473,16,0.1205,5,3
33,2019,0,0,0,1.6105,39.5473,13,0.0648,5,3
33,2020,0,1,0,1.8194,39.5473,7,0.4289,5,3
33,2021,0,1,0,1.8767,39.5473,11,0.4422,5,3
33,2022,0,1,0,2.1709,39.5473,18,0.224,5,3
34,2018,1,0,0,3.0003,22.9696,9,0.4679,3,8
34,2019,1,0,0,3.0779,22.9696,17,0.7185,3,8
34,2020,1,1,1,3.4924,22.9696,19,0.283,3,8
34,2021,1,1,1,3.4172,22.9696,8,0.0456,3,8
34,2022,1,1,1,3.7335,22.9696,6,0.0609,3,8
35,2018,1,0,0,2.9114,40.9898,13,0.522,2,8
35,2019,1,0,0,2.8664,40.9898,17,0.2064,2,8
35,2020,1,1,1,2.9789,40.9898,11,0.5885,2,8
35,2021,1,1,1,3.1298,40.9898,10,0.445,2,8
35,2022,1,1,1,3.1956,40.9898,3,0.467,2,8
36,2018,0,0,0,1.1724,8.2153,5,0.2006,4,2
36,2019,0,0,0,1.5421,8.2153,10,0.1116,4,2
36,2020,0,1,0,1.7417,8.2153,4,0.2359,4,2
36,2021,0,1,0,1.5688,8.2153,12,0.3678,4,2
36,2022,0,1,0,1.6459,8.2153,9,0.2031,4,2
37,2018,1,0,0,2.1675,24.4924,8,0.2504,2,4
37,2019,1,0,0,2.1965,24.4924,11,0.0506,2,4
37,2020,1,1,1,2.3772,24.4924,5,0.2563,2,4
37,2021,1,1,1,2.8144,24.4924,7,0.2551,2,4
37,2022,1,1,1,2.2676,24.4924,17,0.2838,2,4
38,2018,0,0,0,2.4328,27.1265,5,0.099,2,2
38,2019,0,0,0,2.3416,27.1265,7,0.1217,2,2
38,2020,0,1,0,2.7656,27.1265,9,0.0698,2,2
38,2021,0,1,0,2.6665,27.1265,5,0.2667,2,2
38,2022,0,1,0,2.7735,27.1265,4,0.1409,2,2
39,2018,0,0,0,1.5882,5.3147,6,0.1111,4,5
39,2019,0,0,0,1.6992,5.3147,14,0.1067,4,5
39,2020,0,1,0,1.6279,5.3147,16,0.0939,4,5
39,2021,0,1,0,1.802,5.3147,20,0.1011,4,5
39,2022,0,1,0,1.8501,5.3147,12,0.2534,4,5
40,2018,1,0,0,2.0987,32.2844,14,0.3905,2,3
40,2019,1,0,0,2.5371,32.2844,19,0.2619,2,3
40,2020,1,1,1,2.6319,32.2844,12,0.6594,2,3
40,2021,1,1,1,2.748,32.2844,16,0.2311,2,3
40,2022,1,1,1,2.6255,32.2844,10,0.1749,2,3
41,2018,0,0,0,2.3084,5.7614,14,0.33,3,6
41,2019,0,0,0,2.3697,5.7614,19,0.1019,3,6
41,2020,0,1,0,2.31,5.7614,16,0.0793,3,6
41,2021,0,1,0,2.4992,5.7614,9,0.1978,3,6
41,2022,0,1,0,2.4594,5.7614,20,0.0154,3,6
42,2018,0,0,0,2.1188,13.0931,10,0.6042,4,8
42,2019,0,0,0,2.058,13.0931,9,0.0714,4,8
42,2020,0,1,0,2.3768,13.0931,10,0.2047,4,8
42,2021,0,1,0,2.3075,13.0931,13,0.3887,4,8
42,2022,0,1,0,2.3957,13.0931,9,0.0771,4,8
43,2018,0,0,0,2.0975,20.9002,12,0.2623,2,7
43,2019,0,0,0,2.2798,20.9002,12,0.2694,2,7
43,2020,0,1,0,2.5229,20.9002,5,0.1061,2,7
43,2021,0,1,0,2.2867,20.9002,16,0.0494,2,7
43,2022,0,1,0,2.5665,20.9002,19,0.1331,2,7
44,2018,1,0,0,2.1744,9.6723,14,0.1709,1,2
44,2019,1,0,0,1.8389,9.6723,13,0.0935,1,2
44,2020,1,1,1,2.3394,9.6723,20,0.2554,1,2
44,2021,1,1,1,2.2651,9.6723,19,0.2232,1,2
44,2022,1,1,1,2.2765,9.6723,11,0.2331,1,2
45,2018,0,0,0,1.703,21.814,20,0.3764,5,2
45,2019,0,0,0,1.6219,21.814,16,0.3381,5,2
45,2020,0,1,0,1.646,21.814,20,0.1303,5,2
45,2021,0,1,0,1.8756,21.814,7,0.1322,5,2
45,2022,0,1,0,1.9408,21.814,15,0.0809,5,2
46,2018,1,0,0,1.5563,21.4679,7,0.5014,2,7
46,2019,1,0,0,1.5871,21.4679,6,0.0959,2,7
46,2020,1,1,1,1.9609,21.4679,12,0.1531,2,7
46,2021,1,1,1,2.1228,21.4679,10,0.2877,2,7
46,2022,1,1,1,2.2352,21.4679,9,0.2426,2,7
47,2018,0,0,0,0.9473,8.8447,4,0.1935,2,1
47,2019,0,0,0,1.1229,8.8447,10,0.374,2,1
47,2020,0,1,0,1.1515,8.8447,6,0.2377,2,1
47,2021,0,1,0,1.2023,8.8447,4,0.0923,2,1
47,2022,0,1,0,0.9881,8.8447,13,0.3646,2,1
48,2018,1,0,0,2.1175,35.4447,13,0.218,3,4
48,2019,1,0,0,2.2699,35.4447,8,0.1591,3,4
48,2020,1,1,1,2.5876,35.4447,7,0.3306,3,4
48,2021,1,1,1,2.4885,35.4447,5,0.362,3,4
48,2022,1,1,1,2.6755,35.4447,8,0.1342,3,4
49,2018,1,0,0,2.7648,9.3544,14,0.2332,1,8
49,2019,1,0,0,2.9628,9.3544,3,0.5486,1,8
49,2020,1,1,1,3.2004,9.3544,5,0.3724,1,8
49,2021,1,1,1,3.1248,9.3544,3,0.2219,1,8
49,2022,1,1,1,3.222,9.3544,12,0.1583,1,8
50,2018,1,0,0,1.3399,197.9421,6,0.3773,1,4
50,2019,1,0,0,1.5951,197.9421,14,0.2953,1,4
50,2020,1,1,1,2.0045,197.9421,18,0.4338,1,4
50,2021,1,1,1,2.0552,197.9421,9,0.313,1,4
50,2022,1,1,1,1.8495,197.9421,12,0.2516,1,4
51,2018,1,0,0,2.6795,18.0027,7,0.4221,3,1
51,2019,1,0,0,2.2675,18.0027,9,0.174,3,1
51,2020,1,1,1,2.6026,18.0027,4,0.1203,3,1
51,2021,1,1,1,2.9138,18.0027,10,0.1545,3,1
51,2022,1,1,1,2.9059,18.0027,12,0.1369,3,1
52,2018,0,0,0,2.408,6.2258,16,0.0747,5,8
52,2019,0,0,0,2.6228,6.2258,10,0.179,5,8
52,2020,0,1,0,2.4129,6.2258,18,0.0808,5,8
52,2021,0,1,0,2.8962,6.2258,3,0.0623,5,8
52,2022,0,1,0,2.7076,6.2258,4,0.2081,5,8
53,2018,1,0,0,1.2064,7.5057,14,0.1204,3,6
53,2019,1,0,0,1.3147,7.5057,15,0.2594,3,6
53,2020,1,1,1,1.5104,7.5057,13,0.3275,3,6
53,2021,1,1,1,1.6228,7.5057,18,0.1086,3,6
53,2022,1,1,1,1.4602,7.5057,6,0.07,3,6
54,2018,1,0,0,2.0502,63.2807,6,0.1493,3,3
54,2019,1,0,0,2.2878,63.2807,15,0.3048,3,3
54,2020,1,1,1,2.6696,63.2807,3,0.237,3,3
54,2021,1,1,1,2.5251,63.2807,8,0.0598,3,3
54,2022,1,1,1,2.4675,63.2807,4,0.1826,3,3
55,2018,1,0,0,3.315,13.3411,13,0.3229,4,5
55,2019,1,0,0,3.4281,13.3411,7,0.2536,4,5
55,2020,1,1,1,3.5814,13.3411,7,0.179,4,5
55,2021,1,1,1,3.8118,13.3411,14,0.2708,4,5
55,2022,1,1,1,3.4996,13.3411,7,0.3517,4,5
56,2018,1,0,0,2.7187,5.1358,8,0.1765,5,5
56,2019,1,0,0,2.4309,5.1358,18,0.3775,5,5
56,2020,1,1,1,2.9657,5.1358,17,0.2689,5,5
56,2021,1,1,1,3.115,5.1358,12,0.3754,5,5
56,2022,1,1,1,3.073,5.1358,17,0.5181,5,5
57,2018,1,0,0,1.3876,47.1679,8,0.0517,5,5
57,2019,1,0,0,1.1028,47.1679,14,0.4607,5,5
57,2020,1,1,1,1.5769,47.1679,17,0.0451,5,5
57,2021,1,1,1,1.6055,47.1679,8,0.7793,5,5
57,2022,1,1,1,1.6428,47.1679,17,0.1011,5,5
58,2018,1,0,0,2.6755,13.2557,19,0.154,1,8
58,2019,1,0,0,2.401,13.2557,5,0.0688,1,8
58,2020,1,1,1,3.0433,13.2557,6,0.1275,1,8
58,2021,1,1,1,2.9333,13.2557,12,0.375,1,8
58,2022,1,1,1,3.1221,13.2557,3,0.4064,1,8
59,2018,0,0,0,1.4042,38.6065,16,0.222,3,7
59,2019,0,0,0,1.4139,38.6065,19,0.1133,3,7
59,2020,0,1,0,1.4936,38.6065,17,0.1796,3,7
59,2021,0,1,0,1.7465,38.6065,8,0.1712,3,7
59,2022,0,1,0,1.738,38.6065,10,0.3707,3,7
60,2018,0,0,0,2.6357,51.1911,4,0.1698,3,3
60,2019,0,0,0,2.5284,51.1911,8,0.1198,3,3
60,2020,0,1,0,2.436,51.1911,9,0.2422,3,3
60,2021,0,1,0,2.6243,51.1911,15,0.1846,3,3
60,2022,0,1,0,2.5,51.1911,20,0.534,3,3
61,2018,0,0,0,1.5964,26.429,16,0.2127,2,8
61,2019,0,0,0,1.4423,26.429,15,0.2011,2,8
61,2020,0,1,0,1.6545,26.429,16,0.07,2,8
61,2021,0,1,0,1.6523,26.429,18,0.1702,2,8
61,2022,0,1,0,2.1078,26.429,14,0.2963,2,8
62,2018,0,0,0,1.7794,220.5021,18,0.2651,5,8
62,2019,0,0,0,2.0073,220.5021,20,0.2135,5,8
62,2020,0,1,0,2.1316,220.5021,16,0.2166,5,8
62,2021,0,1,0,2.1401,220.5021,6,0.1209,5,8
62,2022,0,1,0,2.2422,220.5021,3,0.3435,5,8
63,2018,0,0,0,1.6577,3.5796,4,0.0537,2,1
63,2019,0,0,0,1.7266,3.5796,18,0.1529,2,1
63,2020,0,1,0,1.711,3.5796,5,0.0213,2,1
63,2021,0,1,0,1.8842,3.5796,16,0.1264,2,1
63,2022,0,1,0,1.8514,3.5796,20,0.0999,2,1
64,2018,1,0,0,2.2933,8.8645,17,0.1437,5,3
64,2019,1,0,0,2.4129,8.8645,11,0.6987,5,3
64,2020,1,1,1,2.6949,8.8645,11,0.3171,5,3
64,2021,1,1,1,2.4266,8.8645,6,0.3134,5,3
64,2022,1,1,1,2.6835,8.8645,19,0.1744,5,3
65,2018,0,0,0,1.5107,15.5498,8,0.1269,1,5
65,2019,0,0,0,1.6265,15.5498,10,0.4102,1,5
65,2020,0,1,0,1.9756,15.5498,8,0.4427,1,5
65,2021,0,1,0,1.6874,15.5498,10,0.3205,1,5
65,2022,0,1,0,1.8271,15.5498,7,0.1005,1,5
66,2018,1,0,0,2.2089,192.7075,17,0.2576,4,8
66,2019,1,0,0,2.1337,192.7075,3,0.1979,4,8
66,2020,1,1,1,2.6899,192.7075,12,0.2256,4,8
66,2021,1,1,1,2.6322,192.7075,11,0.6752,4,8
66,2022,1,1,1,2.5654,192.7075,13,0.2327,4,8
67,2018,1,0,0,1.4574,121.2679,10,0.2701,4,6
67,2019,1,0,0,1.3439,121.2679,13,0.3249,4,6
67,2020,1,1,1,1.8028,121.2679,4,0.1449,4,6
67,2021,1,1,1,1.9816,121.2679,11,0.3606,4,6
67,2022,1,1,1,2.1641,121.2679,11,0.1086,4,6
68,2018,0,0,0,2.411,72.871,20,0.0575,3,5
68,2019,0,0,0,2.2395,72.871,9,0.0891,3,5
68,2020,0,1,0,2.3895,72.871,6,0.3728,3,5
68,2021,0,1,0,2.2836,72.871,20,0.1291,3,5
68,2022,0,1,0,2.6819,72.871,5,0.0556,3,5
69,2018,0,0,0,2.1234,9.0782,11,0.2155,1,3
69,2019,0,0,0,2.2636,9.0782,18,0.1725,1,3
69,2020,0,1,0,1.9985,9.0782,17,0.1682,1,3
69,2021,0,1,0,2.1993,9.0782,12,0.2,1,3
69,2022,0,1,0,2.2896,9.0782,15,0.1446,1,3
70,2018,1,0,0,1.3094,10.201,18,0.1538,1,1
70,2019,1,0,0,1.3315,10.201,20,0.1545,1,1
70,2020,1,1,1,1.4795,10.201,17,0.4717,1,1
70,2021,1,1,1,1.3562,10.201,7,0.3184,1,1
70,2022,1,1,1,1.5892,10.201,14,0.2107,1,1
71,2018,0,0,0,2.45,8.7709,4,0.037,4,8
71,2019,0,0,0,2.6024,8.7709,15,0.169,4,8
71,2020,0,1,0,2.47,8.7709,11,0.2758,4,8
71,2021,0,1,0,2.8217,8.7709,17,0.3136,4,8
71,2022,0,1,0,2.6942,8.7709,18,0.4218,4,8
72,2018,1,0,0,2.2102,9.1758,9,0.4106,5,5
72,2019,1,0,0,2.1694,9.1758,7,0.2301,5,5
72,2020,1,1,1,2.6471,9.1758,14,0.3998,5,5
72,2021,1,1,1,2.5369,9.1758,10,0.1928,5,5
72,2022,1,1,1,2.2849,9.1758,19,0.8278,5,5
73,2018,0,0,0,1.9893,89.3628,6,0.2655,3,4
73,2019,0,0,0,2.4289,89.3628,16,0.1925,3,4
73,2020,0,1,0,2.1424,89.3628,13,0.6089,3,4
73,2021,0,1,0,2.3684,89.3628,4,0.208,3,4
73,2022,0,1,0,2.1969,89.3628,11,0.2647,3,4
74,2018,1,0,0,2.8485,15.7404,7,0.1392,1,8
74,2019,1,0,0,2.7004,15.7404,16,0.4137,1,8
74,2020,1,1,1,3.0893,15.7404,13,0.3757,1,8
74,2021,1,1,1,3.0698,15.7404,20,0.2611,1,8
74,2022,1,1,1,3.1645,15.7404,16,0.1695,1,8
75,2018,1,0,0,2.2583,17.9664,3,0.4385,4,2
75,2019,1,0,0,2.645,17.9664,7,0.1211,4,2
75,2020,1,1,1,2.718,17.9664,12,0.3284,4,2
75,2021,1,1,1,2.8098,17.9664,17,0.5069,4,2
75,2022,1,1,1,3.0637,17.9664,4,0.0942,4,2
76,2018,0,0,0,2.608,43.5708,3,0.2662,3,3
76,2019,0,0,0,2.7606,43.5708,9,0.4051,3,3
76,2020,0,1,0,2.8183,43.5708,11,0.2427,3,3
76,2021,0,1,0,2.6901,43.5708,15,0.2126,3,3
76,2022,0,1,0,3.0567,43.5708,6,0.0358,3,3
77,2018,1,0,0,2.1194,3.8056,4,0.3994,1,7
77,2019,1,0,0,2.1987,3.8056,16,0.0996,1,7
77,2020,1,1,1,2.1825,3.8056,19,0.0911,1,7
77,2021,1,1,1,2.4045,3.8056,10,0.3924,1,7
77,2022,1,1,1,2.3066,3.8056,3,0.0433,1,7
78,2018,1,0,0,2.9384,21.1713,18,0.574,2,3
78,2019,1,0,0,3.1029,21.1713,19,0.0376,2,3
78,2020,1,1,1,3.1681,21.1713,14,0.08,2,3
78,2021,1,1,1,3.2764,21.1713,4,0.136,2,3
78,2022,1,1,1,3.302,21.1713,12,0.2723,2,3
79,2018,0,0,0,1.9644,6.7068,19,0.1285,2,8
79,2019,0,0,0,2.2368,6.7068,19,0.0548,2,8
79,2020,0,1,0,2.1373,6.7068,20,0.1246,2,8
79,2021,0,1,0,2.2332,6.7068,13,0.3451,2,8
79,2022,0,1,0,2.3115,6.7068,13,0.386,2,8
80,2018,1,0,0,2.6453,14.9631,15,0.0868,5,7
80,2019,1,0,0,2.414,14.9631,20,0.3799,5,7
80,2020,1,1,1,2.881,14.9631,11,0.1733,5,7
80,2021,1,1,1,3.0452,14.9631,12,0.2542,5,7
80,2022,1,1,1,2.7794,14.9631,7,0.0681,5,7
81,2018,0,0,0,2.2509,11.1739,16,0.1131,5,1
81,2019,0,0,0,2.335,11.1739,18,0.3094,5,1
81,2020,0,1,0,2.3794,11.1739,5,0.3157,5,1
81,2021,0,1,0,2.4941,11.1739,13,0.421,5,1
81,2022,0,1,0,2.3538,11.1739,10,0.1117,5,1
82,2018,1,0,0,2.8712,10.6124,20,0.0942,1,4
82,2019,1,0,0,3.1173,10.6124,5,0.3416,1,4
82,2020,1,1,1,3.2669,10.6124,4,0.5114,1,4
82,2021,1,1,1,3.1784,10.6124,19,0.2352,1,4
82,2022,1,1,1,3.3224,10.6124,4,0.0766,1,4
83,2018,0,0,0,2.3503,25.1682,14,0.2717,3,7
83,2019,0,0,0,2.5314,25.1682,10,0.0532,3,7
83,2020,0,1,0,2.659,25.1682,8,0.3889,3,7
83,2021,0,1,0,2.8187,25.1682,16,0.1286,3,7
83,2022,0,1,0,2.5522,25.1682,9,0.0824,3,7
84,2018,1,0,0,2.2862,25.0585,8,0.4844,1,4
84,2019,1,0,0,1.8899,25.0585,16,0.2967,1,4
84,2020,1,1,1,2.3641,25.0585,16,0.2165,1,4
84,2021,1,1,1,2.4932,25.0585,15,0.4207,1,4
84,2022,1,1,1,2.667,25.0585,11,0.4216,1,4
85,2018,0,0,0,1.7673,16.1219,7,0.0706,3,2
85,2019,0,0,0,1.5735,16.1219,12,0.3175,3,2
85,2020,0,1,0,1.6603,16.1219,20,0.0554,3,2
85,2021,0,1,0,1.9156,16.1219,4,0.1221,3,2
85,2022,0,1,0,1.7103,16.1219,17,0.138,3,2
86,2018,0,0,0,1.97,29.0984,4,0.1751,1,1
86,2019,0,0,0,1.994,29.0984,3,0.2699,1,1
86,2020,0,1,0,2.258,29.0984,20,0.4267,1,1
86,2021,0,1,0,2.2832,29.0984,14,0.1893,1,1
86,2022,0,1,0,2.0399,29.0984,15,0.2148,1,1
87,2018,0,0,0,1.5123,8.4265,20,0.1805,4,1
87,2019,0,0,0,1.4541,8.4265,6,0.1768,4,1
87,2020,0,1,0,1.6203,8.4265,6,0.0975,4,1
87,2021,0,1,0,1.8895,8.4265,19,0.38,4,1
87,2022,0,1,0,1.8231,8.4265,5,0.0699,4,1
88,2018,1,0,0,1.7213,39.7093,20,0.3638,1,2
88,2019,1,0,0,1.6896,39.7093,17,0.7098,1,2
88,2020,1,1,1,2.0154,39.7093,15,0.0855,1,2
88,2021,1,1,1,2.0124,39.7093,4,0.4102,1,2
88,2022,1,1,1,2.0528,39.7093,4,0.2529,1,2
89,2018,0,0,0,0.8563,16.343,4,0.0583,5,3
89,2019,0,0,0,0.6483,16.343,10,0.0617,5,3
89,2020,0,1,0,0.8894,16.343,4,0.3912,5,3
89,2021,0,1,0,0.7873,16.343,10,0.0181,5,3
89,2022,0,1,0,1.0258,16.343,20,0.2261,5,3
90,2018,1,0,0,1.3325,12.3831,9,0.5933,2,3
90,2019,1,0,0,1.2383,12.3831,15,0.4273,2,3
90,2020,1,1,1,1.5158,12.3831,12,0.4202,2,3
90,2021,1,1,1,1.6885,12.3831,20,0.3289,2,3
90,2022,1,1,1,1.5425,12.3831,11,0.3354,2,3
91,2018,1,0,0,3.5522,9.0724,13,0.1307,2,7
91,2019,1,0,0,3.727,9.0724,10,0.0637,2,7
91,2020,1,1,1,3.6341,9.0724,19,0.1742,2,7
91,2021,1,1,1,3.8809,9.0724,11,0.5645,2,7
91,2022,1,1,1,3.9683,9.0724,13,0.1955,2,7
92,2018,1,0,0,2.055,15.7778,13,0.5555,5,5
92,2019,1,0,0,2.0487,15.7778,6,0.2455,5,5
92,2020,1,1,1,2.4062,15.7778,9,0.6188,5,5
92,2021,1,1,1,2.2157,15.7778,3,0.3309,5,5
92,2022,1,1,1,2.0498,15.7778,12,0.1017,5,5
93,2018,1,0,0,3.3065,130.4043,6,0.2048,5,2
93,2019,1,0,0,3.5287,130.4043,9,0.177,5,2
93,2020,1,1,1,3.7476,130.4043,16,0.3689,5,2
93,2021,1,1,1,3.9816,130.4043,19,0.2496,5,2
93,2022,1,1,1,3.9333,130.4043,13,0.2784,5,2
94,2018,1,0,0,2.3766,18.8533,13,0.6034,1,1
94,2019,1,0,0,2.5108,18.8533,19,0.0679,1,1
94,2020,1,1,1,2.7515,18.8533,13,0.2119,1,1
94,2021,1,1,1,2.8,18.8533,9,0.2155,1,1
94,2022,1,1,1,2.8393,18.8533,18,0.009,1,1
95,2018,0,0,0,1.9598,6.3955,11,0.459,1,2
95,2019,0,0,0,1.8554,6.3955,17,0.2392,1,2
95,2020,0,1,0,1.8487,6.3955,14,0.3054,1,2
95,2021,0,1,0,2.0992,6.3955,11,0.1126,1,2
95,2022,0,1,0,2.1834,6.3955,17,0.1404,1,2
96,2018,1,0,0,1.5057,50.341,16,0.2036,5,3
96,2019,1,0,0,1.4577,50.341,9,0.4879,5,3
96,2020,1,1,1,1.4991,50.341,19,0.2749,5,3
96,2021,1,1,1,1.9591,50.341,12,0.2405,5,3
96,2022,1,1,1,1.796,50.341,5,0.0898,5,3
97,2018,0,0,0,1.9334,12.5293,11,0.0351,5,6
97,2019,0,0,0,2.0265,12.5293,18,0.181,5,6
97,2020,0,1,0,2.1778,12.5293,12,0.0858,5,6
97,2021,0,1,0,2.1714,12.5293,13,0.3185,5,6
97,2022,0,1,0,2.186,12.5293,3,0.2224,5,6
98,2018,1,0,0,3.4376,26.6759,5,0.2884,3,1
98,2019,1,0,0,3.5211,26.6759,16,0.1461,3,1
98,2020,1,1,1,3.7539,26.6759,17,0.3918,3,1
98,2021,1,1,1,4.0139,26.6759,16,0.2129,3,1
98,2022,1,1,1,3.6965,26.6759,3,0.1051,3,1
99,2018,0,0,0,2.9514,10.961,12,0.0912,1,4
99,2019,0,0,0,3.0079,10.961,9,0.134,1,4
99,2020,0,1,0,3.1089,10.961,15,0.3174,1,4
99,2021,0,1,0,3.0744,10.961,5,0.4171,1,4
99,2022,0,1,0,3.0573,10.961,6,0.1889,1,4
100,2018,1,0,0,2.5863,72.2963,14,0.4434,1,4
100,2019,1,0,0,2.4379,72.2963,9,0.383,1,4
100,2020,1,1,1,2.9571,72.2963,12,0.0691,1,4
100,2021,1,1,1,2.8356,72.2963,6,0.5122,1,4
100,2022,1,1,1,2.9572,72.2963,6,0.0244,1,4
101,2018,0,0,0,1.2873,11.1255,11,0.0297,2,2
101,2019,0,0,0,1.0412,11.1255,19,0.2091,2,2
101,2020,0,1,0,1.288,11.1255,9,0.2516,2,2
101,2021,0,1,0,1.3741,11.1255,6,0.1833,2,2
101,2022,0,1,0,1.4588,11.1255,10,0.2833,2,2
102,2018,1,0,0,1.446,81.2766,11,0.0913,4,1
102,2019,1,0,0,1.6191,81.2766,12,0.0779,4,1
102,2020,1,1,1,1.9,81.2766,16,0.0581,4,1
102,2021,1,1,1,2.1383,81.2766,5,0.1924,4,1
102,2022,1,1,1,1.9867,81.2766,10,0.1797,4,1
103,2018,0,0,0,1.5149,7.0339,8,0.081,1,2
103,2019,0,0,0,1.6327,7.0339,15,0.2679,1,2
103,2020,0,1,0,1.8022,7.0339,20,0.282,1,2
103,2021,0,1,0,1.5469,7.0339,19,0.1054,1,2
103,2022,0,1,0,1.6053,7.0339,3,0.4366,1,2
104,2018,1,0,0,3.1894,14.9857,13,0.316,4,2
104,2019,1,0,0,3.278,14.9857,5,0.182,4,2
104,2020,1,1,1,3.3117,14.9857,17,0.3503,4,2
104,2021,1,1,1,3.2656,14.9857,5,0.4537,4,2
104,2022,1,1,1,3.342,14.9857,20,0.0902,4,2
105,2018,1,0,0,3.4566,81.4505,8,0.0878,5,7
105,2019,1,0,0,3.2762,81.4505,20,0.1465,5,7
105,2020,1,1,1,3.7733,81.4505,18,0.3644,5,7
105,2021,1,1,1,3.5307,81.4505,16,0.2413,5,7
105,2022,1,1,1,3.8009,81.4505,12,0.2167,5,7
106,2018,0,0,0,2.3001,23.7641,8,0.2433,1,8
106,2019,0,0,0,2.0417,23.7641,6,0.3382,1,8
106,2020,0,1,0,2.4012,23.7641,12,0.1192,1,8
106,2021,0,1,0,2.2916,23.7641,7,0.2918,1,8
106,2022,0,1,0,2.1005,23.7641,6,0.1817,1,8
107,2018,0,0,0,1.6436,194.7012,14,0.0999,5,5
107,2019,0,0,0,1.7134,194.7012,8,0.3045,5,5
107,2020,0,1,0,1.8772,194.7012,18,0.1453,5,5
107,2021,0,1,0,1.9737,194.7012,12,0.099,5,5
107,2022,0,1,0,1.8727,194.7012,19,0.2661,5,5
108,2018,0,0,0,2.8069,15.3461,3,0.1866,5,7
108,2019,0,0,0,2.9266,15.3461,12,0.1228,5,7
108,2020,0,1,0,3.0824,15.3461,15,0.3006,5,7
108,2021,0,1,0,3.0919,15.3461,18,0.259,5,7
108,2022,0,1,0,3.4933,15.3461,13,0.046,5,7
109,2018,1,0,0,1.6226,25.9726,13,0.4222,2,7
109,2019,1,0,0,1.6468,25.9726,4,0.0646,2,7
109,2020,1,1,1,1.9388,25.9726,10,0.252,2,7
109,2021,1,1,1,1.955,25.9726,17,0.2671,2,7
109,2022,1,1,1,2.2214,25.9726,11,0.1902,2,7
110,2018,0,0,0,2.0595,134.9831,4,0.2595,1,8
110,2019,0,0,0,2.0708,134.9831,13,0.3278,1,8
110,2020,0,1,0,2.2141,134.9831,7,0.3533,1,8
110,2021,0,1,0,2.2348,134.9831,20,0.2339,1,8
110,2022,0,1,0,1.9288,134.9831,13,0.2129,1,8
111,2018,0,0,0,2.153,4.4197,9,0.0255,2,1
111,2019,0,0,0,2.2108,4.4197,7,0.0455,2,1
111,2020,0,1,0,2.6193,4.4197,13,0.2031,2,1
111,2021,0,1,0,2.7043,4.4197,20,0.3169,2,1
111,2022,0,1,0,2.3971,4.4197,10,0.1688,2,1
112,2018,0,0,0,1.3837,3.905,10,0.2692,2,8
112,2019,0,0,0,1.4417,3.905,8,0.269,2,8
112,2020,0,1,0,1.6136,3.905,18,0.1063,2,8
112,2021,0,1,0,1.5733,3.905,13,0.1414,2,8
112,2022,0,1,0,1.5769,3.905,7,0.1056,2,8
113,2018,1,0,0,1.9183,9.0656,18,0.4797,2,4
113,2019,1,0,0,1.8934,9.0656,7,0.2255,2,4
113,2020,1,1,1,2.3942,9.0656,6,0.0838,2,4
113,2021,1,1,1,2.2047,9.0656,8,0.2569,2,4
113,2022,1,1,1,2.0829,9.0656,3,0.1523,2,4
114,2018,1,0,0,2.0,45.303,4,0.6943,5,5
114,2019,1,0,0,1.782,45.303,20,0.2836,5,5
114,2020,1,1,1,2.3507,45.303,15,0.1045,5,5
114,2021,1,1,1,2.0626,45.303,14,0.1405,5,5
114,2022,1,1,1,2.304,45.303,10,0.159,5,5
115,2018,1,0,0,3.3377,4.0154,5,0.0457,1,7
115,2019,1,0,0,3.1354,4.0154,4,0.1188,1,7
115,2020,1,1,1,3.3009,4.0154,7,0.3629,1,7
115,2021,1,1,1,3.7204,4.0154,3,0.3407,1,7
115,2022,1,1,1,3.4296,4.0154,3,0.4792,1,7
116,2018,1,0,0,3.3472,36.4904,4,0.4636,2,4
116,2019,1,0,0,3.3551,36.4904,6,0.1208,2,4
116,2020,1,1,1,3.699,36.4904,18,0.3739,2,4
116,2021,1,1,1,3.8356,36.4904,17,0.1787,2,4
116,2022,1,1,1,3.9186,36.4904,12,0.3556,2,4
117,2018,0,0,0,1.7684,34.0118,4,0.2197,4,3
117,2019,0,0,0,2.0998,34.0118,13,0.1179,4,3
117,2020,0,1,0,2.2772,34.0118,3,0.0872,4,3
117,2021,0,1,0,2.1056,34.0118,13,0.3397,4,3
117,2022,0,1,0,2.3699,34.0118,10,0.1368,4,3
118,2018,0,0,0,1.8876,150.5643,4,0.1112,1,1
118,2019,0,0,0,1.9583,150.5643,20,0.1073,1,1
118,2020,0,1,0,1.8658,150.5643,3,0.0879,1,1
118,2021,0,1,0,1.9691,150.5643,6,0.2286,1,1
118,2022,0,1,0,1.9881,150.5643,4,0.3861,1,1
119,2018,1,0,0,1.9718,57.1389,12,0.1768,1,2
119,2019,1,0,0,1.9302,57.1389,18,0.3958,1,2
119,2020,1,1,1,2.2391,57.1389,10,0.0965,1,2
119,2021,1,1,1,2.3564,57.1389,7,0.0825,1,2
119,2022,1,1,1,2.3126,57.1389,7,0.1647,1,2
120,2018,1,0,0,2.2638,28.906,19,0.3548,2,1
120,2019,1,0,0,2.4736,28.906,11,0.2697,2,1
120,2020,1,1,1,2.8735,28.906,6,0.4065,2,1
120,2021,1,1,1,2.7272,28.906,18,0.61,2,1
120,2022,1,1,1,2.9035,28.906,11,0.28,2,1
121,2018,0,0,0,1.7163,78.1893,20,0.0856,5,4
121,2019,0,0,0,1.6483,78.1893,9,0.0934,5,4
121,2020,0,1,0,1.85,78.1893,4,0.2101,5,4
121,2021,0,1,0,1.9152,78.1893,18,0.4233,5,4
121,2022,0,1,0,1.9951,78.1893,5,0.1659,5,4
122,2018,0,0,0,1.7687,34.4292,7,0.023,5,7
122,2019,0,0,0,1.9107,34.4292,11,0.3432,5,7
122,2020,0,1,0,2.1413,34.4292,10,0.2239,5,7
122,2021,0,1,0,2.1484,34.4292,13,0.1604,5,7
122,2022,0,1,0,2.1338,34.4292,10,0.1636,5,7
123,2018,0,0,0,2.302,12.6788,19,0.0614,5,3
123,2019,0,0,0,2.1566,12.6788,4,0.3803,5,3
123,2020,0,1,0,2.502,12.6788,5,0.2343,5,3
123,2021,0,1,0,2.5734,12.6788,9,0.0877,5,3
123,2022,0,1,0,2.5754,12.6788,19,0.2809,5,3
124,2018,0,0,0,1.745,6.3942,18,0.2646,5,5
124,2019,0,0,0,2.0583,6.3942,13,0.3717,5,5
124,2020,0,1,0,1.9853,6.3942,16,0.0332,5,5
124,2021,0,1,0,1.7053,6.3942,16,0.1848,5,5
124,2022,0,1,0,2.0993,6.3942,10,0.1157,5,5
125,2018,0,0,0,1.8959,11.3661,11,0.1804,1,2
125,2019,0,0,0,1.8459,11.3661,16,0.0852,1,2
125,2020,0,1,0,2.013,11.3661,5,0.0437,1,2
125,2021,0,1,0,1.8838,11.3661,16,0.3876,1,2
125,2022,0,1,0,1.9605,11.3661,4,0.2758,1,2
126,2018,0,0,0,2.0495,19.2965,20,0.3404,3,5
126,2019,0,0,0,2.0327,19.2965,6,0.1627,3,5
126,2020,0,1,0,2.1175,19.2965,12,0.1518,3,5
126,2021,0,1,0,2.1972,19.2965,4,0.2414,3,5
126,2022,0,1,0,2.1299,19.2965,19,0.0421,3,5
127,2018,1,0,0,2.2495,23.9273,20,0.4134,3,8
127,2019,1,0,0,2.3014,23.9273,8,0.0729,3,8
127,2020,1,1,1,2.6349,23.9273,9,0.6037,3,8
127,2021,1,1,1,2.6739,23.9273,17,0.5002,3,8
127,2022,1,1,1,2.5703,23.9273,10,0.1354,3,8
128,2018,0,0,0,1.6631,2.3745,12,0.018,1,3
128,2019,0,0,0,1.872,2.3745,14,0.1329,1,3
128,2020,0,1,0,1.9794,2.3745,17,0.2477,1,3
128,2021,0,1,0,1.7758,2.3745,14,0.1438,1,3
128,2022,0,1,0,1.9502,2.3745,7,0.1537,1,3
129,2018,1,0,0,2.7685,16.1261,20,0.2237,5,4
129,2019,1,0,0,2.6522,16.1261,20,0.3035,5,4
129,2020,1,1,1,3.0138,16.1261,8,0.3622,5,4
129,2021,1,1,1,3.0436,16.1261,16,0.0541,5,4
129,2022,1,1,1,3.1692,16.1261,8,0.2249,5,4
130,2018,0,0,0,0.8683,20.6679,11,0.0488,4,8
130,2019,0,0,0,0.9551,20.6679,17,0.1208,4,8
130,2020,0,1,0,1.3139,20.6679,17,0.1536,4,8
130,2021,0,1,0,1.115,20.6679,10,0.162,4,8
130,2022,0,1,0,1.1289,20.6679,4,0.4144,4,8
131,2018,1,0,0,3.2506,34.7277,9,0.2719,5,5
131,2019,1,0,0,3.3193,34.7277,19,0.377,5,5
131,2020,1,1,1,3.7946,34.7277,20,0.2265,5,5
131,2021,1,1,1,3.7188,34.7277,6,0.412,5,5
131,2022,1,1,1,3.8007,34.7277,4,0.1597,5,5
132,2018,0,0,0,1.9121,102.1866,13,0.2003,2,4
132,2019,0,0,0,2.0055,102.1866,8,0.1484,2,4
132,2020,0,1,0,2.4638,102.1866,17,0.1993,2,4
132,2021,0,1,0,2.0881,102.1866,5,0.5535,2,4
132,2022,0,1,0,2.42,102.1866,19,0.1992,2,4
133,2018,1,0,0,2.8642,24.1831,3,0.1708,4,1
133,2019,1,0,0,2.6993,24.1831,3,0.1815,4,1
133,2020,1,1,1,2.9964,24.1831,15,0.5312,4,1
133,2021,1,1,1,3.1721,24.1831,9,0.6679,4,1
133,2022,1,1,1,3.1237,24.1831,15,0.1334,4,1
134,2018,1,0,0,2.8505,8.0885,6,0.1082,1,8
134,2019,1,0,0,2.8979,8.0885,6,0.394,1,8
134,2020,1,1,1,3.0054,8.0885,15,0.543,1,8
134,2021,1,1,1,3.0806,8.0885,4,0.3078,1,8
134,2022,1,1,1,2.9997,8.0885,11,0.4953,1,8
135,2018,0,0,0,1.481,3.2606,18,0.1918,1,5
135,2019,0,0,0,1.4958,3.2606,20,0.0818,1,5
135,2020,0,1,0,1.6734,3.2606,9,0.2263,1,5
135,2021,0,1,0,1.8479,3.2606,15,0.2386,1,5
135,2022,0,1,0,1.7039,3.2606,6,0.3341,1,5
136,2018,0,0,0,1.2789,39.9253,4,0.3188,4,1
136,2019,0,0,0,1.5755,39.9253,10,0.3928,4,1
136,2020,0,1,0,1.5144,39.9253,19,0.1641,4,1
136,2021,0,1,0,1.6598,39.9253,10,0.2413,4,1
136,2022,0,1,0,1.762,39.9253,8,0.1488,4,1
137,2018,1,0,0,1.8009,8.4226,13,0.1408,1,5
137,2019,1,0,0,1.685,8.4226,15,0.1743,1,5
137,2020,1,1,1,2.0085,8.4226,8,0.1665,1,5
137,2021,1,1,1,1.89,8.4226,18,0.1084,1,5
137,2022,1,1,1,2.0832,8.4226,18,0.3216,1,5
138,2018,1,0,0,2.1761,47.791,8,0.3192,2,8
138,2019,1,0,0,2.4311,47.791,19,0.1902,2,8
138,2020,1,1,1,2.6282,47.791,7,0.5082,2,8
138,2021,1,1,1,2.8004,47.791,6,0.1332,2,8
138,2022,1,1,1,2.5842,47.791,13,0.1476,2,8
139,2018,0,0,0,2.5157,81.241,17,0.0117,4,8
139,2019,0,0,0,2.5105,81.241,6,0.1702,4,8
139,2020,0,1,0,2.4887,81.241,3,0.0478,4,8
139,2021,0,1,0,2.5757,81.241,18,0.1136,4,8
139,2022,0,1,0,2.4169,81.241,8,0.2387,4,8
140,2018,0,0,0,1.6891,4.2884,19,0.0149,3,2
140,2019,0,0,0,1.8916,4.2884,17,0.4159,3,2
140,2020,0,1,0,1.7326,4.2884,6,0.1028,3,2
140,2021,0,1,0,1.7477,4.2884,10,0.2272,3,2
140,2022,0,1,0,2.0857,4.2884,15,0.1847,3,2
141,2018,0,0,0,2.3815,34.9491,3,0.0945,2,4
141,2019,0,0,0,2.3472,34.9491,10,0.5335,2,4
141,2020,0,1,0,2.4797,34.9491,19,0.1271,2,4
141,2021,0,1,0,2.5537,34.9491,8,0.0148,2,4
141,2022,0,1,0,2.5124,34.9491,7,0.0865,2,4
142,2018,1,0,0,0.8517,73.1581,6,0.0978,2,8
142,2019,1,0,0,0.9171,73.1581,8,0.4034,2,8
142,2020,1,1,1,1.1147,73.1581,19,0.3474,2,8
142,2021,1,1,1,1.2559,73.1581,12,0.1513,2,8
142,2022,1,1,1,1.3612,73.1581,19,0.3256,2,8
143,2018,1,0,0,2.2121,55.6476,14,0.4813,4,7
143,2019,1,0,0,2.0065,55.6476,18,0.4651,4,7
143,2020,1,1,1,2.3666,55.6476,16,0.2813,4,7
143,2021,1,1,1,2.3405,55.6476,5,0.5298,4,7
143,2022,1,1,1,2.5224,55.6476,16,0.1529,4,7
144,2018,0,0,0,2.6689,2.4685,13,0.1784,5,5
144,2019,0,0,0,3.0992,2.4685,19,0.381,5,5
144,2020,0,1,0,2.8997,2.4685,10,0.2088,5,5
144,2021,0,1,0,2.9015,2.4685,5,0.3389,5,5
144,2022,0,1,0,2.8835,2.4685,12,0.1424,5,5
145,2018,0,0,0,1.8466,8.5536,13,0.1577,4,3
145,2019,0,0,0,1.9008,8.5536,12,0.1438,4,3
145,2020,0,1,0,2.0859,8.5536,15,0.1903,4,3
145,2021,0,1,0,2.0709,8.5536,16,0.1331,4,3
145,2022,0,1,0,2.087,8.5536,10,0.304,4,3
146,2018,0,0,0,1.4776,5.5835,8,0.0832,2,7
146,2019,0,0,0,1.6623,5.5835,17,0.1776,2,7
146,2020,0,1,0,1.484,5.5835,4,0.1414,2,7
146,2021,0,1,0,1.417,5.5835,20,0.192,2,7
146,2022,0,1,0,1.5156,5.5835,11,0.5678,2,7
147,2018,1,0,0,2.1246,33.902,5,0.8521,3,5
147,2019,1,0,0,2.1174,33.902,10,0.3646,3,5
147,2020,1,1,1,2.1569,33.902,13,0.3445,3,5
147,2021,1,1,1,2.3305,33.902,5,0.2671,3,5
147,2022,1,1,1,2.1922,33.902,18,0.5908,3,5
148,2018,0,0,0,0.208,30.3661,3,0.0705,1,5
148,2019,0,0,0,0.2557,30.3661,7,0.0123,1,5
148,2020,0,1,0,0.1313,30.3661,18,0.5433,1,5
148,2021,0,1,0,0.3549,30.3661,15,0.0638,1,5
148,2022,0,1,0,0.581,30.3661,9,0.3419,1,5
149,2018,0,0,0,1.3572,1.3527,15,0.1671,1,8
149,2019,0,0,0,1.4387,1.3527,9,0.15,1,8
149,2020,0,1,0,1.4532,1.3527,4,0.2573,1,8
149,2021,0,1,0,1.6261,1.3527,9,0.2019,1,8
149,2022,0,1,0,1.4626,1.3527,5,0.033,1,8
150,2018,0,0,0,2.5928,14.8674,17,0.3027,2,4
150,2019,0,0,0,2.6876,14.8674,13,0.1589,2,4
150,2020,0,1,0,2.8695,14.8674,14,0.569,2,4
150,2021,0,1,0,2.8414,14.8674,7,0.3499,2,4
150,2022,0,1,0,3.012,14.8674,19,0.3884,2,4
151,2018,1,0,0,1.9381,44.7334,4,0.3034,2,6
151,2019,1,0,0,1.8888,44.7334,19,0.5858,2,6
151,2020,1,1,1,2.2737,44.7334,19,0.2473,2,6
151,2021,1,1,1,2.3217,44.7334,10,0.1038,2,6
151,2022,1,1,1,2.1243,44.7334,17,0.2353,2,6
152,2018,1,0,0,2.112,23.2889,9,0.5454,5,1
152,2019,1,0,0,2.252,23.2889,3,0.2599,5,1
152,2020,1,1,1,2.4653,23.2889,3,0.2673,5,1
152,2021,1,1,1,2.3039,23.2889,7,0.1156,5,1
152,2022,1,1,1,2.4552,23.2889,13,0.3096,5,1
153,2018,1,0,0,0.7614,23.2491,10,0.2056,5,6
153,2019,1,0,0,0.8844,23.2491,5,0.0749,5,6
153,2020,1,1,1,1.1963,23.2491,16,0.256,5,6
153,2021,1,1,1,1.4721,23.2491,15,0.4982,5,6
153,2022,1,1,1,1.5278,23.2491,5,0.0218,5,6
154,2018,1,0,0,1.5034,13.9434,9,0.2098,1,5
154,2019,1,0,0,1.2752,13.9434,18,0.4789,1,5
154,2020,1,1,1,1.6542,13.9434,15,0.088,1,5
154,2021,1,1,1,1.668,13.9434,4,0.3204,1,5
154,2022,1,1,1,1.6797,13.9434,8,0.3142,1,5
155,2018,0,0,0,2.4551,6.9661,3,0.1986,2,8
155,2019,0,0,0,2.7561,6.9661,11,0.2604,2,8
155,2020,0,1,0,2.8156,6.9661,4,0.4588,2,8
155,2021,0,1,0,2.6575,6.9661,20,0.2548,2,8
155,2022,0,1,0,2.7048,6.9661,17,0.1857,2,8
156,2018,1,0,0,2.8016,19.7459,16,0.1946,1,3
156,2019,1,0,0,2.7396,19.7459,17,0.1163,1,3
156,2020,1,1,1,2.8772,19.7459,5,0.341,1,3
156,2021,1,1,1,3.0566,19.7459,12,0.1595,1,3
156,2022,1,1,1,3.0341,19.7459,12,0.0676,1,3
157,2018,0,0,0,1.195,21.1596,13,0.3436,1,8
157,2019,0,0,0,1.1854,21.1596,19,0.2153,1,8
157,2020,0,1,0,1.4771,21.1596,13,0.1543,1,8
157,2021,0,1,0,1.5458,21.1596,11,0.0476,1,8
157,2022,0,1,0,1.3091,21.1596,7,0.16,1,8
158,2018,0,0,0,1.5293,37.1608,6,0.1978,2,5
158,2019,0,0,0,1.7077,37.1608,15,0.1473,2,5
158,2020,0,1,0,1.7504,37.1608,17,0.2689,2,5
158,2021,0,1,0,1.8717,37.1608,17,0.1212,2,5
158,2022,0,1,0,1.8505,37.1608,15,0.1304,2,5
159,2018,0,0,0,2.2292,40.306,19,0.0758,5,2
159,2019,0,0,0,2.0826,40.306,3,0.0613,5,2
159,2020,0,1,0,2.2185,40.306,12,0.0912,5,2
159,2021,0,1,0,2.0723,40.306,6,0.4605,5,2
159,2022,0,1,0,2.1132,40.306,20,0.1544,5,2
160,2018,1,0,0,1.6156,21.8863,20,0.0665,1,2
160,2019,1,0,0,1.6432,21.8863,20,0.2119,1,2
160,2020,1,1,1,2.1308,21.8863,19,0.3409,1,2
160,2021,1,1,1,1.8368,21.8863,11,0.274,1,2
160,2022,1,1,1,1.8947,21.8863,3,0.0698,1,2
161,2018,0,0,0,0.8614,60.0338,5,0.2264,4,2
161,2019,0,0,0,0.8899,60.0338,16,0.1511,4,2
161,2020,0,1,0,0.9449,60.0338,20,0.1511,4,2
161,2021,0,1,0,0.8782,60.0338,7,0.1746,4,2
161,2022,0,1,0,0.7232,60.0338,18,0.1901,4,2
162,2018,0,0,0,1.9544,13.8056,8,0.1933,2,3
162,2019,0,0,0,1.7924,13.8056,7,0.2665,2,3
162,2020,0,1,0,1.8031,13.8056,9,0.1992,2,3
162,2021,0,1,0,2.12,13.8056,17,0.2445,2,3
162,2022,0,1,0,2.0218,13.8056,19,0.0153,2,3
163,2018,1,0,0,2.7066,4.7397,15,0.3455,3,5
163,2019,1,0,0,2.7985,4.7397,7,0.1642,3,5
163,2020,1,1,1,2.8297,4.7397,14,0.186,3,5
163,2021,1,1,1,2.9167,4.7397,16,0.5783,3,5
163,2022,1,1,1,2.8471,4.7397,8,0.1513,3,5
164,2018,1,0,0,2.5158,32.3642,3,0.508,5,7
164,2019,1,0,0,2.8378,32.3642,20,0.5619,5,7
164,2020,1,1,1,3.0961,32.3642,19,0.5329,5,7
164,2021,1,1,1,3.2058,32.3642,17,0.1973,5,7
164,2022,1,1,1,2.8416,32.3642,3,0.4508,5,7
165,2018,0,0,0,2.6412,22.7913,16,0.3237,5,8
165,2019,0,0,0,2.556,22.7913,8,0.5284,5,8
165,2020,0,1,0,2.7228,22.7913,10,0.1457,5,8
165,2021,0,1,0,2.6343,22.7913,20,0.0168,5,8
165,2022,0,1,0,2.7844,22.7913,14,0.183,5,8
166,2018,0,0,0,0.931,33.014,8,0.1104,5,6
166,2019,0,0,0,1.1399,33.014,10,0.1504,5,6
166,2020,0,1,0,1.2156,33.014,13,0.0587,5,6
166,2021,0,1,0,1.0901,33.014,20,0.2853,5,6
166,2022,0,1,0,1.4451,33.014,14,0.2682,5,6
167,2018,1,0,0,2.4429,5.672,11,0.419,3,4
167,2019,1,0,0,2.2579,5.672,4,0.2558,3,4
167,2020,1,1,1,2.4976,5.672,4,0.127,3,4
167,2021,1,1,1,2.8482,5.672,11,0.4883,3,4
167,2022,1,1,1,2.7689,5.672,6,0.4419,3,4
168,2018,1,0,0,2.0366,120.3972,5,0.1517,1,5
168,2019,1,0,0,2.4092,120.3972,7,0.4735,1,5
168,2020,1,1,1,2.5313,120.3972,10,0.1866,1,5
168,2021,1,1,1,2.3586,120.3972,20,0.3405,1,5
168,2022,1,1,1,2.4993,120.3972,17,0.1955,1,5
169,2018,0,0,0,1.9667,40.8743,19,0.0459,5,3
169,2019,0,0,0,1.8054,40.8743,15,0.1138,5,3
169,2020,0,1,0,1.9133,40.8743,17,0.081,5,3
169,2021,0,1,0,1.9817,40.8743,3,0.2631,5,3
169,2022,0,1,0,2.1473,40.8743,19,0.0294,5,3
170,2018,0,0,0,1.7927,15.0594,10,0.1509,5,2
170,2019,0,0,0,1.7579,15.0594,6,0.2348,5,2
170,2020,0,1,0,1.8451,15.0594,12,0.0439,5,2
170,2021,0,1,0,2.0189,15.0594,13,0.2842,5,2
170,2022,0,1,0,1.7078,15.0594,11,0.0477,5,2
171,2018,1,0,0,2.1308,7.8817,9,0.0537,5,5
171,2019,1,0,0,1.9606,7.8817,11,0.2003,5,5
171,2020,1,1,1,2.3875,7.8817,4,0.2387,5,5
171,2021,1,1,1,2.2966,7.8817,8,0.0314,5,5
171,2022,1,1,1,2.2955,7.8817,8,0.1645,5,5
172,2018,0,0,0,0.3268,58.9773,11,0.1415,3,7
172,2019,0,0,0,0.1781,58.9773,16,0.1637,3,7
172,2020,0,1,0,0.322,58.9773,17,0.1234,3,7
172,2021,0,1,0,0.3928,58.9773,11,0.2182,3,7
172,2022,0,1,0,0.4537,58.9773,7,0.203,3,7
173,2018,0,0,0,2.495,6.6741,19,0.3242,2,1
173,2019,0,0,0,2.6881,6.6741,6,0.2178,2,1
173,2020,0,1,0,2.9449,6.6741,18,0.2214,2,1
173,2021,0,1,0,2.8539,6.6741,14,0.1095,2,1
173,2022,0,1,0,3.074,6.6741,16,0.1046,2,1
174,2018,1,0,0,2.5136,192.7444,15,0.0646,1,1
174,2019,1,0,0,2.6205,192.7444,6,0.2953,1,1
174,2020,1,1,1,2.9294,192.7444,13,0.6227,1,1
174,2021,1,1,1,2.8994,192.7444,14,0.3394,1,1
174,2022,1,1,1,2.9106,192.7444,13,0.2724,1,1
175,2018,0,0,0,1.2033,10.8786,15,0.1885,2,2
175,2019,0,0,0,1.2161,10.8786,12,0.0695,2,2
175,2020,0,1,0,1.2766,10.8786,16,0.4169,2,2
175,2021,0,1,0,1.3606,10.8786,11,0.1971,2,2
175,2022,0,1,0,1.1078,10.8786,13,0.1734,2,2
176,2018,1,0,0,2.5609,112.2249,7,0.2175,2,2
176,2019,1,0,0,2.5223,112.2249,10,0.0431,2,2
176,2020,1,1,1,2.9864,112.2249,18,0.2166,2,2
176,2021,1,1,1,2.8851,112.2249,5,0.1443,2,2
176,2022,1,1,1,2.6743,112.2249,14,0.047,2,2
177,2018,0,0,0,1.7917,16.702,13,0.3303,2,2
177,2019,0,0,0,1.5664,16.702,8,0.3765,2,2
177,2020,0,1,0,2.1122,16.702,6,0.1712,2,2
177,2021,0,1,0,1.924,16.702,5,0.2429,2,2
177,2022,0,1,0,1.9408,16.702,5,0.1496,2,2
178,2018,1,0,0,1.9936,97.5872,11,0.3273,5,2
178,2019,1,0,0,2.0907,97.5872,6,0.374,5,2
178,2020,1,1,1,2.4176,97.5872,18,0.1863,5,2
178,2021,1,1,1,2.5246,97.5872,20,0.3333,5,2
178,2022,1,1,1,2.3986,97.5872,14,0.2459,5,2
179,2018,1,0,0,1.7708,9.6324,10,0.1419,4,1
179,2019,1,0,0,2.0805,9.6324,12,0.1391,4,1
179,2020,1,1,1,2.1319,9.6324,12,0.2928,4,1
179,2021,1,1,1,2.2031,9.6324,13,0.2056,4,1
179,2022,1,1,1,2.0085,9.6324,6,0.2091,4,1
180,2018,1,0,0,2.5074,20.4675,12,0.5601,2,3
180,2019,1,0,0,2.6515,20.4675,20,0.3223,2,3
180,2020,1,1,1,2.835,20.4675,17,0.5951,2,3
180,2021,1,1,1,3.1004,20.4675,13,0.258,2,3
180,2022,1,1,1,3.0561,20.4675,13,0.2391,2,3
181,2018,0,0,0,1.4011,44.914,15,0.2973,4,6
181,2019,0,0,0,1.5269,44.914,6,0.3716,4,6
181,2020,0,1,0,1.5436,44.914,8,0.1235,4,6
181,2021,0,1,0,1.6563,44.914,9,0.3456,4,6
181,2022,0,1,0,1.8593,44.914,15,0.1342,4,6
182,2018,0,0,0,1.2356,38.9421,8,0.4816,4,2
182,2019,0,0,0,1.2444,38.9421,9,0.0423,4,2
182,2020,0,1,0,1.5219,38.9421,3,0.1769,4,2
182,2021,0,1,0,1.4107,38.9421,14,0.0977,4,2
182,2022,0,1,0,1.6541,38.9421,9,0.1257,4,2
183,2018,0,0,0,2.5914,60.3863,10,0.1246,3,3
183,2019,0,0,0,2.9281,60.3863,8,0.4087,3,3
183,2020,0,1,0,2.8176,60.3863,11,0.0994,3,3
183,2021,0,1,0,2.655,60.3863,20,0.1639,3,3
183,2022,0,1,0,2.928,60.3863,19,0.1333,3,3
184,2018,0,0,0,1.9994,12.3361,20,0.3692,5,8
184,2019,0,0,0,1.8814,12.3361,4,0.4977,5,8
184,2020,0,1,0,1.8861,12.3361,6,0.3062,5,8
184,2021,0,1,0,2.2308,12.3361,16,0.2178,5,8
184,2022,0,1,0,2.1776,12.3361,12,0.3605,5,8
185,2018,1,0,0,2.0574,21.8633,18,0.4494,5,2
185,2019,1,0,0,2.4861,21.8633,16,0.1113,5,2
185,2020,1,1,1,2.6389,21.8633,14,0.1513,5,2
185,2021,1,1,1,2.6185,21.8633,14,0.1981,5,2
185,2022,1,1,1,2.7072,21.8633,18,0.1387,5,2
186,2018,1,0,0,2.876,69.9925,20,0.0619,3,8
186,2019,1,0,0,2.709,69.9925,13,0.6955,3,8
186,2020,1,1,1,3.1095,69.9925,15,0.0544,3,8
186,2021,1,1,1,3.1508,69.9925,18,0.0581,3,8
186,2022,1,1,1,3.207,69.9925,8,0.065,3,8
187,2018,1,0,0,2.0351,9.9219,4,0.1024,3,5
187,2019,1,0,0,1.7184,9.9219,14,0.227,3,5
187,2020,1,1,1,2.3378,9.9219,5,0.1208,3,5
187,2021,1,1,1,2.3193,9.9219,18,0.157,3,5
187,2022,1,1,1,2.1862,9.9219,11,0.3507,3,5
188,2018,1,0,0,1.9115,35.607,12,0.3066,2,6
188,2019,1,0,0,1.8466,35.607,14,0.1284,2,6
188,2020,1,1,1,2.493,35.607,5,0.3397,2,6
188,2021,1,1,1,2.2755,35.607,12,0.1704,2,6
188,2022,1,1,1,2.2674,35.607,12,0.1188,2,6
189,2018,1,0,0,2.3619,16.1326,20,0.2559,4,3
189,2019,1,0,0,2.2309,16.1326,7,0.1074,4,3
189,2020,1,1,1,2.8062,16.1326,6,0.5474,4,3
189,2021,1,1,1,2.7681,16.1326,19,0.2756,4,3
189,2022,1,1,1,2.7418,16.1326,10,0.2215,4,3
190,2018,0,0,0,0.9788,24.6771,7,0.5203,5,3
190,2019,0,0,0,1.2579,24.6771,12,0.0592,5,3
190,2020,0,1,0,1.2036,24.6771,5,0.0379,5,3
190,2021,0,1,0,1.2261,24.6771,19,0.163,5,3
190,2022,0,1,0,1.2582,24.6771,13,0.1781,5,3
191,2018,0,0,0,2.0818,21.8576,19,0.078,4,4
191,2019,0,0,0,2.031,21.8576,4,0.1787,4,4
191,2020,0,1,0,2.2914,21.8576,13,0.2694,4,4
191,2021,0,1,0,2.1742,21.8576,20,0.1451,4,4
191,2022,0,1,0,2.3357,21.8576,6,0.2328,4,4
192,2018,1,0,0,1.6547,9.1314,7,0.1575,2,2
192,2019,1,0,0,2.0368,9.1314,18,0.0989,2,2
192,2020,1,1,1,2.3233,9.1314,13,0.0259,2,2
192,2021,1,1,1,2.3281,9.1314,14,0.4919,2,2
192,2022,1,1,1,2.0815,9.1314,11,0.0428,2,2
193,2018,1,0,0,2.7023,15.4763,12,0.0341,3,3
193,2019,1,0,0,2.7393,15.4763,5,0.184,3,3
193,2020,1,1,1,3.0864,15.4763,11,0.0085,3,3
193,2021,1,1,1,3.0795,15.4763,16,0.0969,3,3
193,2022,1,1,1,3.1127,15.4763,8,0.2248,3,3
194,2018,1,0,0,2.6017,23.2181,10,0.201,4,8
194,2019,1,0,0,2.8491,23.2181,8,0.2159,4,8
194,2020,1,1,1,2.9062,23.2181,16,0.3708,4,8
194,2021,1,1,1,3.0177,23.2181,8,0.2831,4,8
194,2022,1,1,1,3.1767,23.2181,18,0.1325,4,8
195,2018,0,0,0,2.3385,18.1247,6,0.2047,1,1
195,2019,0,0,0,2.3529,18.1247,4,0.3883,1,1
195,2020,0,1,0,2.4091,18.1247,15,0.1153,1,1
195,2021,0,1,0,2.3874,18.1247,15,0.3471,1,1
195,2022,0,1,0,2.6351,18.1247,16,0.5363,1,1
196,2018,0,0,0,1.0206,96.8086,14,0.1078,3,5
196,2019,0,0,0,0.9869,96.8086,3,0.16,3,5
196,2020,0,1,0,1.1834,96.8086,3,0.0178,3,5
196,2021,0,1,0,1.2957,96.8086,10,0.2097,3,5
196,2022,0,1,0,1.2825,96.8086,7,0.5766,3,5
197,2018,1,0,0,2.0914,55.1444,15,0.1367,4,6
197,2019,1,0,0,2.1684,55.1444,8,0.46,4,6
197,2020,1,1,1,2.7147,55.1444,16,0.2057,4,6
197,2021,1,1,1,2.808,55.1444,20,0.1661,4,6
197,2022,1,1,1,2.5256,55.1444,7,0.0727,4,6
198,2018,1,0,0,1.4689,26.8423,20,0.5705,3,2
198,2019,1,0,0,1.5552,26.8423,8,0.0431,3,2
198,2020,1,1,1,2.0796,26.8423,9,0.4596,3,2
198,2021,1,1,1,2.0621,26.8423,13,0.5027,3,2
198,2022,1,1,1,2.056,26.8423,16,0.1116,3,2
199,2018,0,0,0,1.9239,9.3638,19,0.2062,4,1
199,2019,0,0,0,2.1019,9.3638,10,0.1656,4,1
199,2020,0,1,0,2.0491,9.3638,20,0.4702,4,1
199,2021,0,1,0,2.3618,9.3638,12,0.4263,4,1
199,2022,0,1,0,2.4238,9.3638,8,0.0192,4,1
200,2018,1,0,0,0.9287,8.8108,18,0.3845,5,5
200,2019,1,0,0,1.0168,8.8108,11,0.1056,5,5
200,2020,1,1,1,1.3007,8.8108,16,0.3421,5,5
200,2021,1,1,1,1.2161,8.8108,9,0.3287,5,5
200,2022,1,1,1,1.4309,8.8108,9,0.155,5,5
